Category,Annual Budget,Actual,Variance,Variance %
Salaries,3500000000,3480000000,-20000000,-0.005714285714
Bonuses,420000000,430000000,10000000,0.02380952381
Benefits,260000000,255000000,-5000000,-0.01923076923
Recruitment,150000000,165000000,15000000,0.1
Training & Development,80000000,76000000,-4000000,-0.05
Employee Engagement,35000000,32000000,-3000000,-0.08571428571
HR Technology,45000000,48000000,3000000,0.06666666667
Rewards & Recognition,30000000,28000000,-2000000,-0.06666666667
Travel,25000000,27000000,2000000,0.08
Other HR Expenses,55000000,52000000,-3000000,-0.05454545455