Employee ID,Department,Annual Salary,Bonus,Benefits Cost,Employer Contribution,Training Cost,Recruitment Cost,Total Employee Cost,Budgeted Employee Cost,Actual Employee Cost,Budget Variance
EMP0001,Sales,954000,165600,99100,61000,11400,8100,1299200,1254800,1380500,125700
EMP0002,Human Resources,637200,112200,70100,30900,12000,8700,871100,862800,887000,24200
EMP0003,Finance,747600,96800,51100,38600,16100,14100,964300,1001400,941100,-60300
EMP0004,Engineering,1060800,59400,102300,49700,9400,24000,1305600,1379400,1377500,-1900
EMP0005,Engineering,1248000,173400,107800,56000,18900,5700,1609800,1691800,1583500,-108300
EMP0006,Marketing,693600,81600,64400,32900,29300,20500,922300,972100,983500,11400
EMP0007,Operations,528000,32500,37900,22100,15200,12800,648500,640200,685900,45700
EMP0008,IT,1444800,174200,98900,104200,9600,24700,1856400,1925500,1811500,-114000
EMP0009,Customer Success,633600,89900,65700,44900,9600,12200,855900,831600,909100,77500
EMP0010,Sales,698400,40700,54900,37000,24100,17800,872900,915400,882800,-32600
EMP0011,Operations,507600,62400,53900,30300,19500,13600,687300,661600,662600,1000
EMP0012,Human Resources,757200,68800,68500,57800,13500,13200,979000,1013800,959200,-54600
EMP0013,Marketing,517200,36700,59900,37400,21900,22400,695500,723600,677600,-46000
EMP0014,IT,645600,100000,73400,34000,10400,9600,873000,875400,922200,46800
EMP0015,Operations,990000,115200,84200,48400,10600,11800,1260200,1328600,1250100,-78500
EMP0016,Engineering,748800,132000,88200,37500,18900,11000,1036400,1024500,989500,-35000
EMP0017,IT,1152000,65300,88400,87900,13300,7900,1414800,1427500,1525300,97800
EMP0018,Sales,781200,63200,81000,42700,21900,17700,1007700,1021400,969100,-52300
EMP0019,Human Resources,696000,51700,43500,44300,22900,5300,863700,873400,845900,-27500
EMP0020,Finance,831600,83400,96600,37800,15500,7300,1072200,1128500,1140900,12400
EMP0021,Marketing,1070400,130800,98200,53200,10000,22900,1385500,1454800,1430300,-24500
EMP0022,Engineering,823200,137200,93200,58600,22100,6700,1141000,1113800,1217200,103400
EMP0023,Human Resources,476400,30100,47500,19200,11500,16000,600700,618200,621600,3400
EMP0024,Human Resources,510000,47100,53400,33700,26700,18200,689100,700700,663000,-37700
EMP0025,Sales,685200,56000,81100,38200,27600,17600,905700,941500,919600,-21900
EMP0026,Marketing,985200,74300,101800,50500,8500,17900,1238200,1210600,1327700,117100
EMP0027,Finance,658800,64600,40100,50800,17400,24300,856000,904200,908100,3900
EMP0028,Engineering,1003200,161200,79300,46900,20200,23700,1334500,1374000,1366700,-7300
EMP0029,Customer Success,452400,80800,30900,27500,27300,19800,638700,657700,665100,7400
EMP0030,Engineering,840000,130500,94100,64300,19200,15000,1163100,1209400,1203200,-6200
EMP0031,Human Resources,1970400,326500,158200,108400,10100,16600,2590200,2495900,2617500,121600
EMP0032,Human Resources,517200,65600,32000,21500,26100,12200,674600,656200,686700,30500
EMP0033,Human Resources,506400,66300,33000,21300,19700,15800,662500,678200,691900,13700
EMP0034,Operations,477600,43900,51400,24300,17700,6600,621500,598200,668200,70000
EMP0035,Sales,1383600,142700,97400,64000,13500,16000,1717200,1771200,1778700,7500
EMP0036,Human Resources,819600,119600,76400,52800,17200,10000,1095600,1090800,1148800,58000
EMP0037,Customer Success,524400,29400,32700,38900,23500,14500,663400,643400,672600,29200
EMP0038,Marketing,667200,71000,56000,43100,22000,5900,865200,863000,892300,29300
EMP0039,Human Resources,800400,108600,55800,34300,22100,5500,1026700,1045800,1100900,55100
EMP0040,Human Resources,531600,71000,46500,32900,28700,12700,723400,764000,772400,8400
EMP0041,Human Resources,646800,40800,39500,28300,23000,6400,784800,778400,831800,53400
EMP0042,IT,924000,80100,62000,62700,21800,22500,1173100,1212400,1237000,24600
EMP0043,Customer Success,1122000,173800,134000,63400,16200,20500,1529900,1520800,1638500,117700
EMP0044,Human Resources,716400,105800,75400,31600,27900,15100,972200,1013700,964000,-49700
EMP0045,Finance,576000,29600,65900,25100,15000,24000,735600,776100,753700,-22400
EMP0046,Engineering,1021200,90000,81400,68300,24600,20800,1306300,1357200,1256500,-100700
EMP0047,Human Resources,483600,58700,41800,36500,15700,7300,643600,627100,675100,48000
EMP0048,Finance,1274400,77700,130100,54700,26100,19100,1582100,1531700,1520400,-11300
EMP0049,Operations,612000,60100,66600,47700,29700,20100,836200,834200,803500,-30700
EMP0050,Engineering,788400,82900,90200,35000,18800,5200,1020500,1027500,976900,-50600
EMP0051,Human Resources,759600,111700,72200,59600,16200,10700,1030000,1078300,1008400,-69900
EMP0052,Sales,1144800,201600,71700,86600,19600,24900,1549200,1498700,1583300,84600
EMP0053,Sales,566400,79500,49400,36900,20900,23000,776100,748600,765600,17000
EMP0054,Operations,699600,76400,68000,35700,12100,14300,906100,901900,929500,27600
EMP0055,Finance,670800,94400,61800,35100,25900,18700,906700,885200,968700,83500
EMP0056,Marketing,1105200,159500,107000,62700,28500,22300,1485200,1432500,1416000,-16500
EMP0057,Finance,670800,46700,64200,37100,29300,21800,869900,908000,879400,-28600
EMP0058,Human Resources,644400,104700,70100,51500,29900,16100,916700,950500,983500,33000
EMP0059,Human Resources,920400,99900,62400,71900,21300,9600,1185500,1217700,1221500,3800
EMP0060,Marketing,492000,67600,44900,34900,19400,22000,680800,691100,696400,5300
EMP0061,Marketing,1779600,120000,109800,124900,21600,19100,2175000,2134300,2104800,-29500
EMP0062,Marketing,748800,75600,64600,57000,15700,15300,977000,1014500,978500,-36000
EMP0063,Sales,818400,56600,94600,48800,13700,14200,1046300,1107000,1061000,-46000
EMP0064,Customer Success,817200,66400,52800,36900,10800,8000,992100,966200,1025200,59000
EMP0065,Sales,807600,90100,80800,37900,12200,5800,1034400,1010500,1020100,9600
EMP0066,IT,570000,37400,50000,27500,16000,15100,716000,736800,683900,-52900
EMP0067,Human Resources,566400,34300,63700,43500,9300,10500,727700,757300,762100,4800
EMP0068,Marketing,529200,59800,51400,29000,18200,19900,707500,681800,695300,13500
EMP0069,Operations,476400,56800,31600,27600,19700,9800,621900,613800,621300,7500
EMP0070,IT,1417200,131200,95200,107200,21100,18600,1790500,1860200,1817000,-43200
EMP0071,Operations,864000,109100,90500,49500,10800,10700,1134600,1130400,1173100,42700
EMP0072,Operations,609600,108700,58700,30200,10200,8100,825500,812800,801500,-11300
EMP0073,IT,1084800,78700,123500,46900,19500,13200,1366600,1446200,1318200,-128000
EMP0074,Human Resources,822000,133600,89600,41400,11800,18400,1116800,1175900,1141800,-34100
EMP0075,Finance,1527600,113500,121300,87100,19200,9800,1878500,1824900,1933700,108800
EMP0076,Human Resources,746400,52300,66300,45800,9100,11700,931600,906900,892700,-14200
EMP0077,Engineering,1332000,206800,100300,89600,24700,16900,1770300,1783000,1776600,-6400
EMP0078,Customer Success,1172400,185200,138200,52700,24100,23800,1596400,1561500,1530400,-31100
EMP0079,Customer Success,1490400,237600,101900,107000,12400,8300,1957600,1911500,2067000,155500
EMP0080,Sales,528000,86600,44100,38400,17700,12500,727300,731900,719400,-12500
EMP0081,Sales,916800,153100,76100,56600,27900,17500,1248000,1212700,1338100,125400
EMP0082,Human Resources,1747200,119000,188100,113200,19700,22900,2210100,2296000,2143200,-152800
EMP0083,Engineering,966000,141700,59900,60700,24800,22500,1275600,1268200,1348000,79800
EMP0084,Finance,865200,57600,72500,62200,11300,9600,1078400,1113200,1125400,12200
EMP0085,Engineering,1959600,236200,147200,105500,12000,23200,2483700,2529200,2488900,-40300
EMP0086,Customer Success,654000,45700,62200,39400,21500,5400,828200,867300,887100,19800
EMP0087,Marketing,2032800,288500,140600,128200,21300,13500,2624900,2713200,2812500,99300
EMP0088,IT,1136400,73500,135300,83600,10700,23400,1462900,1531600,1488400,-43200
EMP0089,Finance,1387200,79200,111100,100000,8100,11700,1697300,1697000,1731000,34000
EMP0090,Customer Success,420000,39900,43800,24400,12900,14000,555000,540600,540000,-600
EMP0091,IT,1125600,190100,92000,71200,21900,5300,1506100,1545800,1465700,-80100
EMP0092,Customer Success,397200,41300,25900,31700,19000,16900,532000,514300,557300,43000
EMP0093,Operations,945600,72500,67600,39200,18400,16300,1159600,1120800,1218500,97700
EMP0094,Marketing,552000,59200,46400,34400,11400,8600,712000,744900,764000,19100
EMP0095,Operations,657600,67800,40500,30400,23800,18200,838300,807000,820600,13600
EMP0096,Engineering,676800,43000,73100,31900,22400,9800,857000,831200,841200,10000
EMP0097,Engineering,844800,85900,84600,40700,14400,22900,1093300,1051000,1050800,-200
EMP0098,Operations,1449600,182400,123600,109700,26000,11800,1903100,1876300,1901900,25600
EMP0099,Engineering,1311600,172000,110900,81400,17600,10900,1704400,1797900,1788400,-9500
EMP0100,Operations,474000,78800,51200,27000,8500,10400,649900,659100,670900,11800
EMP0101,Sales,661200,104800,78700,40400,11800,10400,907300,872700,969800,97100
EMP0102,Customer Success,805200,68900,75100,53200,26300,9100,1037800,997400,1004400,7000
EMP0103,Operations,1624800,208100,162300,76400,28100,13400,2113100,2109500,2150000,40500
EMP0104,Human Resources,777600,47200,74800,38700,16600,10800,965700,961400,1007700,46300
EMP0105,Finance,604800,67700,60400,46900,24100,9300,813200,783200,800300,17100
EMP0106,Operations,558000,63900,53500,29800,25000,7100,737300,713300,770200,56900
EMP0107,Human Resources,1035600,110300,77400,75400,25600,18900,1343200,1326000,1379100,53100
EMP0108,Engineering,1660800,281100,113300,129600,17800,8700,2211300,2242700,2351700,109000
EMP0109,Engineering,1456800,203900,161600,72800,18800,9400,1923300,2036300,2063200,26900
EMP0110,Customer Success,616800,105000,43700,38700,28100,5700,838000,862900,828500,-34400
EMP0111,Engineering,873600,150900,77300,65100,26600,11400,1204900,1256600,1150500,-106100
EMP0112,Marketing,678000,44500,43800,46000,15500,19500,847300,818900,839700,20800
EMP0113,Marketing,696000,91400,78800,45000,13100,5500,929800,973500,885900,-87600
EMP0114,Operations,638400,109900,68900,51000,15700,20300,904200,904400,915400,11000
EMP0115,Customer Success,494400,74100,42100,28100,24200,9800,672700,653200,670100,16900
EMP0116,Human Resources,679200,37700,41500,54000,17400,12700,842500,866100,824300,-41800
EMP0117,Human Resources,786000,48400,66900,59100,28800,14300,1003500,1024900,975100,-49800
EMP0118,Sales,1221600,210800,120900,78600,19300,9600,1660800,1623700,1625400,1700
EMP0119,Operations,510000,48700,32400,40200,27400,23600,682300,722900,663600,-59300
EMP0120,IT,682800,95900,47300,49600,12900,9500,898000,910300,922300,12000
EMP0121,Engineering,1660800,272500,126100,75000,27600,24100,2186100,2287100,2306900,19800
EMP0122,Sales,1626000,167600,133900,81900,23900,14900,2048200,1982900,2004400,21500
EMP0123,Operations,1011600,162500,90700,59900,21000,21500,1367200,1360100,1419300,59200
EMP0124,Customer Success,482400,74100,48000,35700,27100,19200,686500,716500,714400,-2100
EMP0125,Customer Success,603600,89200,42000,45400,27200,5600,813000,847600,786000,-61600
EMP0126,Sales,777600,55100,84800,57000,19200,5100,998800,987500,1029000,41500
EMP0127,Finance,614400,51500,60200,37800,25200,7100,796200,824900,812400,-12500
EMP0128,Finance,568800,75200,65900,25100,28600,18800,782400,756400,773900,17500
EMP0129,Human Resources,646800,81300,52200,41900,9000,22400,853600,902600,918400,15800
EMP0130,Operations,571200,84900,35100,23400,15100,14800,744500,772100,773400,1300
EMP0131,Marketing,686400,123300,58700,39800,11600,20900,940700,968300,920700,-47600
EMP0132,IT,1206000,162900,92100,94100,11300,13600,1580000,1665900,1587200,-78700
EMP0133,Operations,615600,52700,73300,34700,27700,9600,813600,798400,776200,-22200
EMP0134,IT,1262400,140800,149100,59900,27100,20500,1659800,1721400,1759100,37700
EMP0135,Customer Success,711600,38600,82000,46000,25500,14600,918300,892300,887300,-5000
EMP0136,IT,836400,63600,74900,35600,20800,10400,1041700,1083100,1031600,-51500
EMP0137,Sales,486000,49100,43200,31100,14400,18900,642700,672300,675700,3400
EMP0138,Marketing,727200,46300,54200,57800,11100,15000,911600,931500,949300,17800
EMP0139,Operations,816000,95700,53300,44100,8700,6600,1024400,1024100,990900,-33200
EMP0140,Marketing,576000,88700,41500,26900,10300,17700,761100,784400,726200,-58200
EMP0141,Human Resources,643200,77400,66000,48100,23700,21000,879400,874100,928600,54500
EMP0142,Customer Success,1615200,195700,176100,93800,22200,15500,2118500,2188700,2035100,-153600
EMP0143,Finance,720000,117600,52700,56900,15400,8600,971200,1009000,1005800,-3200
EMP0144,Engineering,1050000,150700,77400,83800,29400,18000,1409300,1381000,1463500,82500
EMP0145,Engineering,1222800,102100,107300,91400,24000,19900,1567500,1571500,1559600,-11900
EMP0146,Engineering,877200,48400,98300,55400,17600,19500,1116400,1126100,1187300,61200
EMP0147,Marketing,1237200,157100,142000,59900,21700,17600,1635500,1690000,1581700,-108300
EMP0148,Human Resources,607200,44500,45100,47900,12000,22100,778800,786000,764900,-21100
EMP0149,Operations,858000,83000,82000,39900,16600,24400,1103900,1088200,1143000,54800
EMP0150,Human Resources,1959600,131300,231600,114000,13200,6500,2456200,2399600,2499400,99800
EMP0151,Sales,794400,84200,59500,51400,23500,8300,1021300,997600,975100,-22500
EMP0152,Sales,763200,85300,84400,55100,20900,22400,1031300,1011300,994700,-16600
EMP0153,Engineering,913200,108700,106100,38000,10700,14000,1190700,1254300,1180100,-74200
EMP0154,Sales,481200,33300,57400,37800,8100,24000,641800,657100,682100,25000
EMP0155,Finance,1072800,121800,107300,48900,8700,11200,1370700,1412500,1338100,-74400
EMP0156,Marketing,879600,120900,76200,65700,11900,18900,1173200,1224600,1258600,34000
EMP0157,Human Resources,565200,92100,53300,23300,28500,18800,781200,802800,764000,-38800
EMP0158,Operations,1538400,207200,102100,102000,30000,6000,1985700,2100300,1991500,-108800
EMP0159,Sales,589200,72900,61500,44300,16900,11500,796300,817600,840100,22500
EMP0160,Operations,922800,98400,100600,41300,20000,5100,1188200,1179200,1185400,6200
EMP0161,IT,620400,67200,46100,34100,13000,6500,787300,803300,816300,13000
EMP0162,Sales,542400,53900,60600,33000,18500,5500,713900,709700,713500,3800
EMP0163,Sales,746400,89100,72000,52700,25900,19400,1005500,1061400,957600,-103800
EMP0164,Operations,493200,82200,36800,38000,9300,23700,683200,679900,658000,-21900
EMP0165,Finance,1344000,120900,145400,82700,14800,17200,1725000,1779500,1699900,-79600
EMP0166,Marketing,886800,65200,89400,41900,19600,19200,1122100,1089200,1148800,59600
EMP0167,Engineering,1162800,131200,126000,72100,9000,17700,1518800,1602500,1561600,-40900
EMP0168,Customer Success,870000,69300,63300,56100,17000,21800,1097500,1152400,1093000,-59400
EMP0169,IT,1237200,106100,135300,70500,22700,6900,1578700,1614000,1592500,-21500
EMP0170,Operations,908400,147300,66300,39800,8500,17800,1188100,1212700,1213100,400
EMP0171,Marketing,957600,121900,86000,76100,11000,18900,1271500,1272000,1278700,6700
EMP0172,Customer Success,829200,148300,56100,36600,23900,16600,1110700,1096700,1066600,-30100
EMP0173,Human Resources,502800,46300,37000,27300,9500,15400,638300,617100,672800,55700
EMP0174,Human Resources,554400,91100,54900,34000,15100,11700,761200,781700,821500,39800
EMP0175,Customer Success,594000,86100,52200,25200,20400,24200,802100,784100,833900,49800
EMP0176,Engineering,1045200,65400,91000,73400,15600,18300,1308900,1360700,1401200,40500
EMP0177,Engineering,704400,126100,81400,43400,26500,15400,997200,1019500,958900,-60600
EMP0178,IT,576000,90700,61600,39400,8800,11100,787600,776800,785100,8300
EMP0179,Human Resources,816000,99500,63900,45600,17800,17000,1059800,1072100,1133500,61400
EMP0180,Human Resources,598800,46200,69400,26700,26000,12600,779700,817000,828700,11700
EMP0181,Human Resources,1063200,95300,69000,59700,11800,18900,1317900,1310800,1419200,108400
EMP0182,Marketing,793200,53300,88600,61000,18700,17100,1031900,1069500,1003800,-65700
EMP0183,IT,1119600,77300,91900,47800,8600,7700,1352900,1429100,1381900,-47200
EMP0184,Human Resources,694800,80500,60000,30700,22100,9300,897400,917100,928400,11300
EMP0185,IT,753600,114200,66000,31900,29900,6200,1001800,1031400,1079800,48400
EMP0186,Engineering,937200,61600,73300,41300,23200,6200,1142800,1155300,1233700,78400
EMP0187,Customer Success,748800,98200,68600,42700,10900,22700,991900,996800,967400,-29400
EMP0188,Customer Success,428400,67500,44600,30300,8200,13300,592300,597100,564200,-32900
EMP0189,Human Resources,1054800,71500,97200,51300,8300,9800,1292900,1367400,1363000,-4400
EMP0190,Human Resources,546000,35100,50700,31800,26600,7000,697200,703400,675900,-27500
EMP0191,Engineering,1388400,137300,116200,81100,25300,22800,1771100,1869500,1863700,-5800
EMP0192,Operations,499200,53400,37600,36800,8800,23000,658800,662900,680400,17500
EMP0193,Finance,820800,106500,52500,49900,11300,19700,1060700,1072600,1101500,28900
EMP0194,Customer Success,702000,100500,45200,30100,8300,24100,910200,940900,906500,-34400
EMP0195,Customer Success,561600,84600,56000,26600,11800,7000,747600,767100,784500,17400
EMP0196,Engineering,903600,54800,106700,46800,24900,17500,1154300,1152200,1127500,-24700
EMP0197,Operations,1174800,177000,115900,71900,8900,24400,1572900,1635600,1554100,-81500
EMP0198,Human Resources,1344000,197900,146100,89100,10800,11800,1799700,1894700,1762300,-132400
EMP0199,IT,627600,67200,60700,48800,13300,7400,825000,808300,878900,70600
EMP0200,Finance,560400,87500,62600,41400,28200,10000,790100,818200,797900,-20300
EMP0201,Operations,907200,136900,90100,42700,20000,24700,1221600,1287200,1167400,-119800
EMP0202,IT,1384800,199900,151000,67200,19100,21800,1843800,1905200,1881600,-23600
EMP0203,Engineering,1038000,92100,97500,70100,27200,17700,1342600,1391100,1303400,-87700
EMP0204,IT,555600,45600,57600,44300,10200,13000,726300,755400,709200,-46200
EMP0205,Customer Success,465600,60600,33200,25200,25200,16100,625900,601200,656500,55300
EMP0206,Operations,674400,51500,79200,36900,15200,8000,865200,857000,920500,63500
EMP0207,Engineering,1021200,146900,115600,65100,16600,13300,1378700,1419500,1310300,-109200
EMP0208,Operations,1096800,168100,71900,69700,18600,17800,1442900,1394500,1479500,85000
EMP0209,Engineering,1915200,264200,207400,97300,26200,15000,2525300,2443700,2418300,-25400
EMP0210,Sales,589200,83700,63200,35800,17700,7900,797500,791800,802600,10800
EMP0211,Sales,507600,64900,52900,40600,28500,17900,712400,713900,735700,21800
EMP0212,Engineering,1255200,129600,138600,69500,20600,16800,1630300,1595200,1625600,30400
EMP0213,Marketing,862800,45900,94800,43900,19400,11000,1077800,1136100,1060200,-75900
EMP0214,Marketing,796800,59100,86200,46500,18600,7700,1014900,982500,1060200,77700
EMP0215,Sales,1046400,156500,72800,67400,11000,20000,1374100,1409400,1476300,66900
EMP0216,Finance,559200,47000,41800,42600,13500,10400,714500,740200,720500,-19700
EMP0217,Operations,1008000,114300,62500,42800,27900,7800,1263300,1280000,1267600,-12400
EMP0218,Customer Success,646800,34200,64600,50800,20300,23700,840400,811200,844100,32900
EMP0219,Operations,1286400,107200,127700,61600,20400,14300,1617600,1710100,1664700,-45400
EMP0220,Customer Success,393600,27400,28900,19700,26700,16200,512500,518800,494500,-24300
EMP0221,Human Resources,1045200,61500,107100,64500,9800,14200,1302300,1313300,1265300,-48000
EMP0222,Customer Success,458400,50500,38800,30300,20000,6200,604200,611000,637300,26300
EMP0223,Sales,1062000,80900,80200,49500,15300,20100,1308000,1323600,1277400,-46200
EMP0224,Customer Success,481200,39000,41900,38200,25000,5500,630800,609700,637300,27600
EMP0225,Finance,1999200,229300,132600,132500,26100,12600,2532300,2627400,2723200,95800
EMP0226,IT,804000,123100,76100,52600,25600,12900,1094300,1150700,1115400,-35300
EMP0227,Sales,1383600,211900,109300,102800,27900,10500,1846000,1953700,1787500,-166200
EMP0228,Finance,724800,120500,71900,33400,17700,17300,985600,954400,1049400,95000
EMP0229,Marketing,732000,128600,62300,58100,22700,17700,1021400,997500,1087400,89900
EMP0230,Customer Success,508800,62500,46600,35000,27600,6600,687100,709900,669500,-40400
EMP0231,Sales,793200,95400,81400,41700,18400,21400,1051500,1057700,1047800,-9900
EMP0232,Customer Success,636000,59500,44800,43600,26200,7000,817100,804000,791300,-12700
EMP0233,IT,1136400,167400,112600,73700,15800,21800,1527700,1538600,1645800,107200
EMP0234,Customer Success,526800,72600,41900,35500,9500,8500,694800,726500,680600,-45900
EMP0235,IT,802800,107200,81600,48600,14700,9300,1064200,1025200,1053000,27800
EMP0236,Customer Success,880800,143800,93300,63000,22600,10200,1213700,1275300,1258800,-16500
EMP0237,Sales,540000,59300,60400,33400,16400,24500,734000,712800,737600,24800
EMP0238,Human Resources,777600,131700,59700,57800,14400,23200,1064400,1102100,1122600,20500
EMP0239,Sales,1477200,213400,115600,108100,14200,22500,1951000,1894900,2031900,137000
EMP0240,Customer Success,408000,21100,36000,21200,21200,10900,518400,513200,542600,29400
EMP0241,Operations,1246800,170600,119200,94400,12100,6600,1649700,1623200,1737600,114400
EMP0242,Customer Success,1191600,192100,108800,50700,26300,17000,1586500,1541300,1526500,-14800
EMP0243,Operations,496800,78400,56000,31200,19400,13600,695400,689600,699900,10300
EMP0244,Customer Success,1501200,249200,130000,96500,21900,16800,2015600,2076600,1977000,-99600
EMP0245,Operations,424800,42500,37900,28100,28900,17000,579200,599100,588400,-10700
EMP0246,Human Resources,921600,89400,81400,38500,11100,10500,1152500,1218400,1144500,-73900
EMP0247,Sales,564000,48800,40800,34200,8100,5200,701100,688400,669400,-19000
EMP0248,Sales,699600,108000,66000,42300,14500,23600,954000,953700,917100,-36600
EMP0249,Sales,492000,46700,44500,36900,18900,19000,658000,697000,636300,-60700
EMP0250,Human Resources,710400,74500,60100,54200,23700,17200,940100,931600,993800,62200
EMP0251,Customer Success,634800,31900,62300,26700,13700,6200,775600,791400,806000,14600
EMP0252,Operations,626400,61400,42100,35600,24500,6400,796400,770900,793300,22400
EMP0253,Engineering,813600,79000,77800,32900,22000,23300,1048600,1070900,1115300,44400
EMP0254,Sales,493200,82500,31600,30300,11100,5200,653900,655300,646300,-9000
EMP0255,Sales,1006800,56100,67800,62800,15500,19600,1228600,1259600,1302200,42600
EMP0256,Marketing,573600,49200,45000,41000,17800,21000,747600,779200,793600,14400
EMP0257,Finance,583200,53300,55400,32000,21200,19100,764200,786200,763200,-23000
EMP0258,Sales,661200,109600,53400,30500,8600,17900,881200,902100,876200,-25900
EMP0259,Sales,962400,87100,96800,61800,16000,9400,1233500,1306000,1244600,-61400
EMP0260,Engineering,1263600,142900,77900,76100,29200,12700,1602400,1544600,1528700,-15900
EMP0261,Operations,576000,30500,60700,33600,14400,23000,738200,717200,793000,75800
EMP0262,Marketing,604800,77600,66300,48000,14300,24200,835200,834300,835300,1000
EMP0263,IT,1164000,81500,108500,71800,24800,21700,1472300,1478300,1456600,-21700
EMP0264,Engineering,712800,41000,57400,36200,29300,16200,892900,888200,915600,27400
EMP0265,Marketing,566400,64300,47600,45200,27400,17500,768400,781400,792000,10600
EMP0266,Finance,577200,31800,51100,35600,13000,24300,733000,770300,765200,-5100
EMP0267,Operations,696000,46600,74800,31300,25500,10500,884700,926900,949000,22100
EMP0268,Operations,470400,83500,41900,35100,21000,12500,664400,656800,648700,-8100
EMP0269,Marketing,531600,61900,47600,33500,27000,24600,726200,726800,768000,41200
EMP0270,Finance,1453200,253300,104700,64500,26800,13800,1916300,2002000,2043000,41000
EMP0271,Finance,1053600,122600,102800,81200,8400,14500,1383100,1422900,1443900,21000
EMP0272,Human Resources,890400,79200,72600,64300,14100,9200,1129800,1192800,1074600,-118200
EMP0273,Customer Success,476400,42100,29000,33100,26400,19800,626800,610700,656900,46200
EMP0274,Human Resources,782400,125200,75700,34100,18700,6600,1042700,1043500,1045700,2200
EMP0275,Engineering,1252800,194300,146400,53700,29000,15500,1691700,1674700,1624000,-50700
EMP0276,Human Resources,1388400,78500,89400,77900,14500,9600,1658300,1638600,1748600,110000
EMP0277,Human Resources,607200,55700,53800,29800,22100,24600,793200,809300,790400,-18900
EMP0278,Finance,873600,100800,76000,55400,21700,6400,1133900,1165900,1112900,-53000
EMP0279,Human Resources,793200,122600,73900,48200,11100,20500,1069500,1055700,1085100,29400
EMP0280,Human Resources,660000,87000,41800,46200,15000,5000,855000,864500,817500,-47000
EMP0281,Operations,559200,89000,33700,27900,24300,11300,745400,723200,743000,19800
EMP0282,IT,697200,63300,74800,52800,17500,23200,928800,926700,998800,72100
EMP0283,Marketing,574800,65600,47900,37500,23500,5100,754400,736800,786600,49800
EMP0284,Human Resources,615600,91700,72100,41900,14600,7100,843000,875200,871400,-3800
EMP0285,Operations,532800,61300,45800,31100,12600,12400,696000,693900,665900,-28000
EMP0286,Customer Success,1028400,161300,114200,49900,22500,14400,1390700,1457500,1360200,-97300
EMP0287,Human Resources,691200,46800,68500,48100,14900,17900,887400,887000,925300,38300
EMP0288,Sales,690000,67500,43800,30700,19300,10400,861700,899200,820300,-78900
EMP0289,Human Resources,637200,42200,54000,38100,16900,15600,804000,819700,764800,-54900
EMP0290,IT,718800,84400,72300,37700,25000,20500,958700,970300,1032400,62100
EMP0291,Marketing,637200,95700,69100,28600,13800,5400,849800,840700,892700,52000
EMP0292,Operations,607200,59700,36500,31600,22200,24500,781700,816600,745000,-71600
EMP0293,Sales,1060800,160700,92800,59300,14700,6300,1394600,1370600,1369600,-1000
EMP0294,IT,847200,48700,99500,65800,25300,24800,1111300,1127400,1194800,67400
EMP0295,Sales,528000,41900,37900,24100,21700,20600,674200,686200,653400,-32800
EMP0296,Finance,820800,82500,82400,41400,15600,23300,1066000,1054300,1077800,23500
EMP0297,Engineering,1092000,63400,75200,44000,21900,14000,1310500,1275700,1408200,132500
EMP0298,Sales,986400,136500,63700,50300,25800,14200,1276900,1295600,1284900,-10700
EMP0299,Finance,541200,58400,39300,22700,26600,24600,712800,740800,756300,15500
EMP0300,Marketing,615600,46500,72100,49100,23700,24600,831600,845700,818100,-27600
EMP0301,Operations,876000,52100,85300,69400,12200,20900,1115900,1172600,1197000,24400
EMP0302,Operations,637200,112800,67200,29600,18500,19400,884700,871200,914100,42900
EMP0303,Human Resources,499200,61600,53100,29900,8300,5200,657300,654500,703600,49100
EMP0304,Sales,567600,44800,45000,42000,24000,6900,730300,732400,696600,-35800
EMP0305,Marketing,571200,37400,44200,31900,28200,24900,737800,711600,773900,62300
EMP0306,Customer Success,766800,113500,88300,59800,20700,12100,1061200,1102300,1042800,-59500
EMP0307,Marketing,703200,95200,52300,33500,28200,7000,919400,929100,899800,-29300
EMP0308,Sales,640800,46600,71800,32900,28900,16600,837600,840700,858900,18200
EMP0309,Operations,676800,58700,54900,51300,28800,22900,893400,895100,939400,44300
EMP0310,Customer Success,788400,60400,75300,37400,15300,22100,998900,979600,958200,-21400
EMP0311,Human Resources,988800,102100,107400,72600,15300,18900,1305100,1353500,1350900,-2600
EMP0312,Finance,652800,78400,50200,37200,8800,7600,835000,865500,793300,-72200
EMP0313,Human Resources,644400,113700,47400,33600,14700,9600,863400,829000,902100,73100
EMP0314,Sales,1219200,166100,127400,90100,17300,11100,1631200,1619000,1700800,81800
EMP0315,Human Resources,668400,65700,76300,48300,29700,20100,908500,907900,932800,24900
EMP0316,Finance,703200,84900,72100,32800,25200,16700,934900,986500,893300,-93200
EMP0317,Sales,750000,66400,77100,52800,10300,15300,971900,982500,970000,-12500
EMP0318,Engineering,1519200,213700,156300,88800,28300,18900,2025200,2091800,2150800,59000
EMP0319,Sales,790800,59600,63800,42200,29500,22100,1008000,1038400,1052900,14500
EMP0320,Finance,2215200,253700,183500,103100,25300,19700,2800500,2796100,2669600,-126500
EMP0321,Finance,930000,131600,109900,53500,13200,19100,1257300,1309700,1283700,-26000
EMP0322,Engineering,2280000,263600,235100,169900,11900,21000,2981500,3027000,2986100,-40900
EMP0323,Marketing,896400,80900,69400,67100,22800,20900,1157500,1140200,1193700,53500
EMP0324,Finance,1164000,195300,70700,77900,9100,16000,1533000,1515800,1517500,1700
EMP0325,Human Resources,943200,137000,79500,40300,25200,10700,1235900,1239900,1284200,44300
EMP0326,Sales,954000,164800,94000,63800,21900,9000,1307500,1309900,1369800,59900
EMP0327,Marketing,687600,73000,81700,29400,19400,8600,899700,951000,868000,-83000
EMP0328,Engineering,1473600,154700,119100,82400,13800,9100,1852700,1868100,1824700,-43400
EMP0329,Sales,760800,133800,73200,32800,9700,24000,1034300,1023700,995000,-28700
EMP0330,Finance,2044800,274600,155500,83000,29200,10000,2597100,2668800,2705800,37000
EMP0331,Engineering,984000,83900,94300,73400,28800,7100,1271500,1240300,1364100,123800
EMP0332,Human Resources,673200,85100,68700,45200,17000,5300,894500,910900,879200,-31700
EMP0333,Finance,666000,67800,73500,31700,22800,24500,886300,859900,842900,-17000
EMP0334,Marketing,651600,96000,74900,37400,13700,13700,887300,916000,844000,-72000
EMP0335,IT,662400,54000,68100,28900,12400,22500,848300,877000,807400,-69600
EMP0336,Marketing,926400,76100,59100,54100,24100,17100,1156900,1188500,1111300,-77200
EMP0337,IT,1255200,194100,137300,97000,20000,9000,1712600,1749700,1792400,42700
EMP0338,Operations,420000,41300,48400,26600,19800,10400,566500,564700,604100,39400
EMP0339,Human Resources,974400,128600,73000,66500,17400,13900,1273800,1305600,1365200,59600
EMP0340,IT,1449600,156100,88900,75400,19100,6100,1795200,1811600,1921800,110200
EMP0341,Finance,1143600,118100,113600,57600,11500,8200,1452600,1404700,1415000,10300
EMP0342,Human Resources,805200,125500,81400,35800,14400,11200,1073500,1057400,1091700,34300
EMP0343,Operations,456000,71900,49000,23900,28100,24100,653000,648200,650400,2200
EMP0344,Sales,804000,50900,67200,50000,19100,8900,1000100,1046000,1038100,-7900
EMP0345,Customer Success,640800,94400,55300,41300,11500,18500,861800,842800,896500,53700
EMP0346,Marketing,886800,63400,53300,61000,24100,15300,1103900,1077600,1060700,-16900
EMP0347,Human Resources,806400,65600,65500,35700,12900,15400,1001500,1022300,983400,-38900
EMP0348,Operations,441600,34700,51900,28600,20300,13300,590400,592100,602400,10300
EMP0349,Human Resources,577200,41700,52000,32600,27200,17600,748300,758200,722100,-36100
EMP0350,Marketing,492000,46200,33700,33300,12500,12800,630500,661800,615700,-46100
EMP0351,Marketing,860400,131700,55200,50700,20300,17600,1135900,1168700,1116500,-52200
EMP0352,Customer Success,619200,74100,68200,45100,26600,14700,847900,842300,892800,50500
EMP0353,Engineering,1280400,206300,144600,75100,9700,12800,1728900,1798700,1845100,46400
EMP0354,Sales,484800,79500,40400,29900,29300,6300,670200,686800,643100,-43700
EMP0355,Human Resources,717600,128900,67100,37900,12800,12000,976300,973600,936200,-37400
EMP0356,Customer Success,434400,62500,43200,29700,8200,9400,587400,602800,595000,-7800
EMP0357,Operations,513600,77300,47700,21900,24900,16700,702100,728900,735600,6700
EMP0358,Customer Success,588000,40100,59000,38100,24300,8400,757900,742400,807700,65300
EMP0359,Operations,507600,64800,50400,38400,20700,17600,699500,682500,707600,25100
EMP0360,Human Resources,908400,82500,67700,44100,17300,23200,1143200,1155400,1114000,-41400
EMP0361,Operations,666000,66400,72800,44200,25500,10400,885300,911200,871400,-39800
EMP0362,Human Resources,522000,44400,37300,35400,12800,16900,668800,659700,692900,33200
EMP0363,Engineering,1112400,165600,79300,48400,23400,12400,1441500,1446200,1375300,-70900
EMP0364,Human Resources,603600,49300,56400,25100,22700,11500,768600,806900,818900,12000
EMP0365,Operations,1261200,226400,138100,93100,13500,16500,1748800,1690600,1682900,-7700
EMP0366,Operations,603600,88900,65400,44900,29900,9800,842500,812200,845400,33200
EMP0367,Finance,518400,50200,55500,32500,14900,18100,689600,678000,656400,-21600
EMP0368,Human Resources,754800,112500,47100,55500,21600,16300,1007800,1030400,1070700,40300
EMP0369,Marketing,746400,133400,78700,43100,23600,12800,1038000,1020200,1066600,46400
EMP0370,Finance,882000,83300,80800,42700,29900,24600,1143300,1171800,1205700,33900
EMP0371,Human Resources,561600,32000,49000,37600,22900,12500,715600,754400,695400,-59000
EMP0372,Engineering,2719200,382400,269000,138700,11400,17700,3538400,3608900,3444000,-164900
EMP0373,Finance,1056000,144500,116400,49400,8400,20600,1395300,1424600,1452400,27800
EMP0374,Operations,924000,161600,85200,55000,16800,8100,1250700,1272300,1233200,-39100
EMP0375,Finance,808800,102800,65800,34000,8700,13500,1033600,1001000,1063500,62500
EMP0376,Finance,654000,88700,47500,48700,27500,8900,875300,904800,864100,-40700
EMP0377,Finance,692400,115400,67400,54700,18200,21900,970000,937300,963800,26500
EMP0378,IT,720000,112500,80000,55800,9900,12700,990900,958300,968500,10200
EMP0379,Operations,627600,53300,41500,29300,11200,24500,787400,815700,847100,31400
EMP0380,Finance,640800,59200,50000,31600,10900,10100,802600,799000,832800,33800
EMP0381,Engineering,1120800,77400,90300,83600,11400,6700,1390200,1402000,1375300,-26700
EMP0382,Sales,592800,40200,56200,35700,11200,17500,753600,744100,763700,19600
EMP0383,Engineering,1023600,92000,111900,43300,17200,14200,1302200,1344500,1334300,-10200
EMP0384,Marketing,1059600,171700,83500,65200,26500,24800,1431300,1501400,1428900,-72500
EMP0385,IT,849600,124400,76100,50400,26400,12200,1139100,1191500,1142400,-49100
EMP0386,Sales,722400,107700,48800,34600,28900,8500,950900,966800,975000,8200
EMP0387,Engineering,1075200,85900,100200,59000,22600,7800,1350700,1373800,1315700,-58100
EMP0388,Operations,585600,43200,64100,30100,28400,24400,775800,789100,751400,-37700
EMP0389,Finance,854400,83500,55700,53200,26600,20900,1094300,1069700,1135300,65600
EMP0390,Finance,870000,71700,65900,34800,27200,20900,1090500,1115300,1142300,27000
EMP0391,Human Resources,542400,51900,35600,32200,28300,5800,696200,688600,680200,-8400
EMP0392,Marketing,810000,89800,71300,57000,11400,14700,1054200,1057400,1083300,25900
EMP0393,Operations,831600,131000,58400,34300,12500,11800,1079600,1091500,1112000,20500
EMP0394,Operations,856800,98700,54000,35500,20100,13800,1078900,1126300,1047500,-78800
EMP0395,Human Resources,679200,38300,70300,30200,21400,10600,850000,830700,849500,18800
EMP0396,Operations,615600,90900,41600,43700,13200,18500,823500,837200,881800,44600
EMP0397,Human Resources,872400,45800,95600,53200,25100,9700,1101800,1095700,1051000,-44700
EMP0398,Sales,1374000,235400,104300,88600,22900,11400,1836600,1918900,1970900,52000
EMP0399,Operations,1212000,104300,93200,95200,8200,19300,1532200,1579100,1579600,500
EMP0400,Finance,752400,70900,48700,43400,13700,11900,941000,981900,1008400,26500
EMP0401,Sales,705600,120500,45000,30800,11600,16900,930400,907200,1001000,93800
EMP0402,Marketing,511200,56900,51000,35800,24600,16600,696100,731200,735300,4100
EMP0403,Marketing,483600,24600,35200,32200,17000,13000,605600,634900,645800,10900
EMP0404,Human Resources,937200,131100,71500,44600,12100,11800,1208300,1211900,1278400,66500
EMP0405,Operations,673200,80200,52000,40200,14600,16900,877100,880100,852000,-28100
EMP0406,Sales,998400,167000,80500,69200,22500,23600,1361200,1418500,1393400,-25100
EMP0407,Human Resources,808800,82400,64400,32700,26200,21000,1035500,1004900,1061400,56500
EMP0408,Customer Success,525600,93300,38300,22400,21100,19800,720500,694000,746200,52200
EMP0409,Sales,490800,35500,46200,25500,28600,21400,648000,685800,637500,-48300
EMP0410,Operations,621600,59200,39200,26200,23200,14200,783600,770000,807000,37000
EMP0411,Customer Success,422400,66300,46100,25000,15700,12300,587800,611600,583500,-28100
EMP0412,Sales,650400,72000,57800,47900,12900,12600,853600,888500,902300,13800
EMP0413,IT,2019600,345800,135600,156200,23000,15600,2695800,2596800,2727700,130900
EMP0414,IT,775200,104900,91700,48400,23700,6400,1050300,1052200,1013700,-38500
EMP0415,Finance,663600,90300,42900,36000,20100,13100,866000,903600,914400,10800
EMP0416,Marketing,922800,58800,75000,52200,22900,18200,1149900,1112000,1151500,39500
EMP0417,Customer Success,398400,62800,24900,22600,11700,22600,543000,551500,532200,-19300
EMP0418,Marketing,582000,101600,42600,43900,28600,23300,822000,841400,848200,6800
EMP0419,Operations,506400,60300,51000,28900,24100,21500,692200,674600,732500,57900
EMP0420,Engineering,762000,75600,87600,38100,26600,14700,1004600,1016100,994700,-21400
EMP0421,Finance,566400,31200,43200,22800,29500,24300,717400,717100,749500,32400
EMP0422,Human Resources,1066800,184600,89600,76100,13900,24800,1455800,1401300,1497200,95900
EMP0423,Customer Success,1105200,72600,128500,52200,21700,9500,1389700,1376800,1418900,42100
EMP0424,Operations,777600,56200,66200,54700,27800,6700,989200,988500,952600,-35900
EMP0425,Engineering,1063200,75700,78700,43500,26400,24500,1312000,1277300,1285900,8600
EMP0426,Operations,529200,55300,33400,22000,20600,12900,673400,648400,690800,42400
EMP0427,Operations,811200,44800,77300,45400,29400,15900,1024000,1011200,1067200,56000
EMP0428,IT,944400,93200,87800,39700,17400,21600,1204100,1252900,1179000,-73900
EMP0429,IT,1282800,80000,111600,68600,27200,6700,1576900,1547100,1652300,105200
EMP0430,Operations,632400,68000,50600,35300,19700,8200,814200,828200,858700,30500
EMP0431,Marketing,663600,46100,50500,36100,17000,18600,831900,803300,794100,-9200
EMP0432,IT,586800,78300,44400,44300,27700,10900,792400,778900,795100,16200
EMP0433,Sales,1375200,216400,138100,100400,16700,8100,1854900,1917600,1849100,-68500
EMP0434,Operations,802800,48600,96000,37100,29700,24500,1038700,1079600,1075800,-3800
EMP0435,Human Resources,690000,76500,67000,38900,17400,11600,901400,916200,956000,39800
EMP0436,Operations,954000,133200,104400,59400,25100,5300,1281400,1335000,1224000,-111000
EMP0437,IT,1735200,153100,126000,122500,13600,22300,2172700,2108100,2099600,-8500
EMP0438,Operations,662400,106000,52600,44400,21100,17100,903600,929100,926000,-3100
EMP0439,Engineering,973200,145900,71600,65900,13100,17500,1287200,1331900,1259400,-72500
EMP0440,Marketing,494400,63700,54900,20700,24200,11800,669700,675000,717100,42100
EMP0441,Customer Success,782400,40500,50800,39400,8600,17600,939300,941800,959300,17500
EMP0442,Marketing,933600,127200,110100,39200,27600,16500,1254200,1274800,1273100,-1700
EMP0443,Sales,878400,112500,70700,67400,16900,7900,1153800,1190100,1140100,-50000
EMP0444,Finance,832800,139100,89600,55800,23000,23900,1164200,1152100,1106200,-45900
EMP0445,Human Resources,506400,68900,49600,32300,8400,19600,685200,680000,710200,30200
EMP0446,Customer Success,712800,44400,78300,54700,22300,7100,919600,919800,960800,41000
EMP0447,Human Resources,475200,67800,38700,23800,8300,15800,629600,658000,676500,18500
EMP0448,Engineering,780000,47600,72500,43100,21400,12800,977400,961800,940600,-21200
EMP0449,Finance,530400,38700,63200,30600,19700,22500,705100,747100,723300,-23800
EMP0450,Sales,697200,62600,58700,46600,23000,11300,899400,875400,928400,53000
EMP0451,Finance,808800,113300,82500,56700,27200,15000,1103500,1139900,1137100,-2800
EMP0452,Engineering,975600,105000,94700,72200,12300,7500,1267300,1338700,1221700,-117000
EMP0453,Customer Success,1064400,65100,67500,47100,20900,15900,1280900,1259600,1323100,63500
EMP0454,Engineering,1636800,187800,165900,82000,14800,17300,2104600,2209400,2221000,11600
EMP0455,Human Resources,528000,70400,46400,25100,23400,16100,709400,706500,758000,51500
EMP0456,Finance,1354800,77800,143600,92200,15300,18500,1702200,1701500,1784400,82900
EMP0457,Finance,1933200,331600,145100,86600,20900,24400,2541800,2536200,2435200,-101000
EMP0458,Finance,1070400,76100,106500,85500,17900,12100,1368500,1368600,1320600,-48000
EMP0459,Operations,614400,83400,53200,40500,9400,21300,822200,866600,850400,-16200
EMP0460,Customer Success,530400,59400,51000,33600,16800,11800,703000,683800,703700,19900
EMP0461,Marketing,776400,59900,49300,48200,21100,22400,977300,994600,972300,-22300
EMP0462,Operations,864000,52100,81200,65900,16700,10900,1090800,1062800,1057700,-5100
EMP0463,Human Resources,487200,83900,51300,30900,26200,6600,686100,691400,708000,16600
EMP0464,Customer Success,628800,54100,73200,28300,27300,24400,836100,817500,872800,55300
EMP0465,Engineering,1009200,118200,95700,78100,22800,14600,1338600,1393400,1437100,43700
EMP0466,Customer Success,890400,54500,96900,45600,10900,13800,1112100,1139200,1111600,-27600
EMP0467,IT,1182000,197800,98100,57500,17700,6000,1559100,1624700,1648600,23900
EMP0468,Finance,760800,117100,71000,55600,21900,20700,1047100,1067900,1051100,-16800
EMP0469,Sales,554400,71300,40600,36100,20600,8700,731700,706800,752600,45800
EMP0470,Customer Success,441600,35100,44200,19100,17700,8300,566000,553800,552600,-1200
EMP0471,Engineering,912000,92800,82700,54100,16400,21800,1179800,1149800,1198400,48600
EMP0472,Marketing,745200,92100,84000,46400,29100,6000,1002800,972500,958400,-14100
EMP0473,IT,861600,115400,54100,67100,26500,10900,1135600,1098900,1103900,5000
EMP0474,Engineering,698400,82000,52200,37900,29800,18700,919000,969500,890100,-79400
EMP0475,Marketing,1334400,80000,80400,89200,22100,13200,1619300,1633800,1625800,-8000
EMP0476,Sales,668400,42000,78500,42800,24000,11300,867000,866400,850400,-16000
EMP0477,Sales,1064400,147000,98800,62800,28300,6500,1407800,1391000,1401500,10500
EMP0478,Finance,895200,72800,100700,65600,12900,13000,1160200,1161300,1249700,88400
EMP0479,Sales,943200,136800,80400,59500,26300,21100,1267300,1326400,1213800,-112600
EMP0480,Marketing,661200,68800,61400,37100,19400,24900,872800,849700,905800,56100
EMP0481,Finance,714000,50400,83500,53700,28000,24800,954400,936100,950800,14700
EMP0482,Operations,850800,88800,69300,54200,20700,8200,1092000,1099800,1116000,16200
EMP0483,Human Resources,910800,133400,56000,49400,25200,16300,1191100,1174600,1239200,64600
EMP0484,Customer Success,621600,80400,55500,28200,13700,13400,812800,829000,826400,-2600
EMP0485,Marketing,634800,72700,49000,44000,8500,16700,825700,870400,803100,-67300
EMP0486,Finance,705600,92700,65600,39700,19500,22900,946000,926700,901500,-25200
EMP0487,Finance,1090800,180800,104500,79000,17500,20000,1492600,1569200,1529000,-40200
EMP0488,Operations,1070400,81200,80100,55900,20200,16800,1324600,1328100,1364300,36200
EMP0489,Human Resources,500400,58700,36400,25700,16800,21200,659200,633700,681900,48200
EMP0490,Sales,788400,135000,48300,36400,27500,14200,1049800,1067100,1087800,20700
EMP0491,Operations,529200,95000,54600,27200,27400,6000,739400,726900,788700,61800
EMP0492,IT,789600,53700,88100,47400,22800,9800,1011400,1047600,1060800,13200
EMP0493,IT,787200,139300,77700,60900,14700,20600,1100400,1140700,1144300,3600
EMP0494,Operations,462000,31000,46300,32000,20700,9100,601100,607400,595400,-12000
EMP0495,Marketing,778800,62500,65700,39500,12400,20700,979600,1029500,977800,-51700
EMP0496,IT,943200,150900,66900,73800,16300,11800,1262900,1220300,1279600,59300
EMP0497,Customer Success,546000,49800,59300,41000,14700,22200,733000,766500,769200,2700
EMP0498,Sales,768000,132800,77500,40900,19000,17900,1056100,1067800,1019800,-48000
EMP0499,Customer Success,631200,102200,43100,49300,15200,18200,859200,889400,906900,17500
EMP0500,Finance,867600,58200,88800,60500,22900,10000,1108000,1160400,1076900,-83500
EMP0501,Marketing,1044000,116700,115800,57800,11700,21700,1367700,1388100,1333000,-55100
EMP0502,Operations,476400,61200,41800,34800,26300,19200,659700,640300,698700,58400
EMP0503,Operations,666000,64700,75100,46000,10500,13200,875500,918100,837100,-81000
EMP0504,Finance,2048400,174500,153500,159100,14600,20500,2570600,2568800,2488600,-80200
EMP0505,Sales,823200,80700,67000,44300,19500,13800,1048500,1098800,1065000,-33800
EMP0506,Customer Success,396000,70400,29700,17000,22600,16900,552600,553400,555300,1900
EMP0507,Operations,1455600,228000,144000,82600,18100,10100,1938400,2006700,1970700,-36000
EMP0508,Marketing,750000,134600,64600,57600,15600,6100,1028500,1008400,1033100,24700
EMP0509,Marketing,1140000,192600,126100,79400,11700,7400,1557200,1505400,1625900,120500
EMP0510,Marketing,537600,35200,48800,29000,16200,17400,684200,706000,659800,-46200
EMP0511,Engineering,1581600,126900,100000,75300,8900,12800,1905500,1982200,1894800,-87400
EMP0512,Marketing,1033200,120000,115400,77100,8200,20600,1374500,1382800,1482500,99700
EMP0513,Marketing,825600,122300,61900,50800,29800,22200,1112600,1078900,1159100,80200
EMP0514,Customer Success,380400,39000,28200,27700,15400,21600,512300,491800,507200,15400
EMP0515,Sales,508800,30000,36200,31700,14400,13300,634400,632900,674900,42000
EMP0516,IT,638400,59300,42400,49900,9300,11000,810300,802000,803500,1500
EMP0517,Operations,570000,75500,38400,24400,28000,8800,745100,776500,760600,-15900
EMP0518,Human Resources,1106400,90800,123500,51700,26800,5300,1404500,1420200,1474800,54600
EMP0519,Sales,793200,131200,57100,40700,14400,12500,1049100,1048400,1070900,22500
EMP0520,Human Resources,768000,55100,60400,46200,25500,19800,975000,998900,946000,-52900
EMP0521,Finance,574800,59600,35900,29300,29000,24100,752700,749100,719300,-29800
EMP0522,Operations,462000,80000,31600,32600,10400,24600,641200,640000,673800,33800
EMP0523,Finance,544800,37600,63400,41800,27500,17500,732600,762500,702500,-60000
EMP0524,Sales,1022400,98400,70500,65300,25900,12600,1295100,1260400,1263500,3100
EMP0525,Engineering,1323600,176800,127100,89800,16000,21500,1754800,1720400,1774100,53700
EMP0526,IT,764400,126000,61600,51500,8600,18800,1030900,1022300,986800,-35500
EMP0527,Operations,614400,37200,42300,31900,10000,23200,759000,729100,768800,39700
EMP0528,Marketing,519600,88500,36200,40900,12500,19800,717500,728000,764100,36100
EMP0529,Sales,996000,75100,69700,76400,15200,12400,1244800,1289600,1237400,-52200
EMP0530,Marketing,777600,99300,87800,32600,13700,14300,1025300,1007600,1073200,65600
EMP0531,IT,1102800,193000,95600,65700,15700,23200,1496000,1521300,1569400,48100
EMP0532,Human Resources,525600,55900,58300,28700,25500,23800,717800,733800,751100,17300
EMP0533,Sales,710400,40300,59800,47600,17900,20000,896000,892100,925100,33000
EMP0534,Finance,1140000,137900,82400,58900,24500,14700,1458400,1431600,1568900,137300
EMP0535,Operations,621600,69500,70800,37900,23600,10000,833400,837300,805100,-32200
EMP0536,Sales,475200,26200,56400,23600,22600,21800,625800,635200,607000,-28200
EMP0537,Human Resources,750000,108800,79600,59300,20600,11800,1030100,1055700,987800,-67900
EMP0538,Sales,656400,60800,71500,41900,16700,14500,861800,901000,856800,-44200
EMP0539,Human Resources,878400,132600,97400,41500,17500,8300,1175700,1211700,1198700,-13000
EMP0540,IT,590400,32700,46800,36800,26900,18300,751900,754600,807500,52900
EMP0541,Engineering,1557600,184700,117700,65600,24000,7400,1957000,1938000,1994600,56600
EMP0542,Customer Success,718800,71400,69700,56600,24000,23500,964000,998900,990000,-8900
EMP0543,Sales,754800,96900,67500,46200,15400,15400,996200,976000,1050700,74700
EMP0544,Human Resources,1624800,173400,161700,93400,14100,16200,2083600,2072600,2232100,159500
EMP0545,Finance,566400,82600,35200,33400,15400,23400,756400,727100,772900,45800
EMP0546,Customer Success,786000,48000,93000,47700,21500,9700,1005900,1014300,1011700,-2600
EMP0547,Human Resources,1177200,187000,87600,56300,19100,20400,1547600,1495300,1586300,91000
EMP0548,Customer Success,694800,110100,46600,29000,17600,21900,920000,907300,924400,17100
EMP0549,Finance,606000,75300,48400,31900,10300,12300,784200,760600,823100,62500
EMP0550,Engineering,1165200,189300,111900,79300,14300,17600,1577600,1586400,1597600,11200
EMP0551,Sales,1251600,213000,79300,74400,28100,17200,1663600,1688000,1634400,-53600
EMP0552,Sales,1078800,132400,98000,47400,8400,24300,1389300,1386100,1428800,42700
EMP0553,Operations,706800,88200,47800,44700,24900,13100,925500,969900,957300,-12600
EMP0554,Human Resources,754800,50600,59300,36300,28000,20200,949200,975400,938900,-36500
EMP0555,IT,847200,67200,82200,35300,15200,14400,1061500,1034700,1144300,109600
EMP0556,Sales,494400,37800,52500,28200,20400,5400,638700,615400,643800,28400
EMP0557,Finance,872400,53500,80500,66800,16500,21600,1111300,1081700,1190900,109200
EMP0558,Customer Success,826800,80400,96100,42200,15300,19000,1079800,1119200,1156300,37100
EMP0559,Marketing,1064400,155400,67900,59100,14200,11100,1372100,1452100,1418100,-34000
EMP0560,Finance,574800,88700,49500,43000,12000,24000,792000,777600,786000,8400
EMP0561,Finance,610800,65800,63900,30000,9300,11000,790800,796700,768500,-28200
EMP0562,Marketing,1280400,73600,121600,96500,11300,17000,1600400,1642800,1607600,-35200
EMP0563,Operations,633600,32300,64300,42100,8800,12400,793500,839400,797200,-42200
EMP0564,Sales,1392000,174900,150200,103800,18100,14500,1853500,1850900,1993800,142900
EMP0565,Human Resources,801600,90200,51400,49700,17200,22600,1032700,1012500,1092000,79500
EMP0566,Human Resources,644400,113600,58500,33300,18300,22200,890300,881800,868100,-13700
EMP0567,Operations,450000,68100,39700,22100,11700,11700,603300,635900,600000,-35900
EMP0568,Marketing,902400,149700,79100,61700,29600,6000,1228500,1191200,1282100,90900
EMP0569,Operations,1044000,57500,64000,74100,11000,14400,1265000,1291000,1272200,-18800
EMP0570,Finance,638400,32800,67500,48300,17500,15700,820200,826500,820700,-5800
EMP0571,IT,706800,66200,68500,54500,29200,15200,940400,945400,927500,-17900
EMP0572,Customer Success,529200,66300,40700,27100,16900,25000,705200,680900,723000,42100
EMP0573,IT,1045200,112000,94700,52600,15000,6700,1326200,1313400,1426500,113100
EMP0574,Finance,757200,94100,86800,30500,25800,24000,1018400,987000,988900,1900
EMP0575,Marketing,636000,53100,55300,43100,24100,24900,836500,827100,853200,26100
EMP0576,Marketing,900000,159400,100100,53900,21300,9500,1244200,1262100,1294400,32300
EMP0577,IT,963600,124800,79300,68300,11800,12700,1260500,1253800,1268200,14400
EMP0578,Sales,727200,111400,68800,39000,25800,9800,982000,964800,997300,32500
EMP0579,Operations,742800,99700,67300,42900,29300,16400,998400,1044700,966600,-78100
EMP0580,Finance,868800,109300,89600,47700,10000,14200,1139600,1139000,1211100,72100
EMP0581,Engineering,871200,71600,70500,66100,29300,13900,1122600,1113700,1143200,29500
EMP0582,Human Resources,1048800,59500,66000,58200,15800,11300,1259600,1271100,1249100,-22000
EMP0583,Human Resources,693600,122600,58700,40100,20700,24700,960400,945200,997400,52200
EMP0584,Engineering,1916400,117900,192800,81600,21100,19800,2349600,2305200,2489200,184000
EMP0585,Finance,2160000,237300,157800,98000,29000,6500,2688600,2634600,2675700,41100
EMP0586,IT,1165200,77300,90200,57700,12700,13200,1416300,1459400,1385500,-73900
EMP0587,IT,961200,167400,103800,47700,9500,11300,1300900,1283600,1321400,37800
EMP0588,IT,931200,90100,94300,48900,9300,19000,1192800,1146300,1196600,50300
EMP0589,Finance,847200,75900,92100,43800,17800,19500,1096300,1128400,1182200,53800
EMP0590,Marketing,762000,98500,87600,35200,24500,16400,1024200,1011400,1036200,24800
EMP0591,IT,652800,108100,61500,42600,19400,6000,890400,875500,902800,27300
EMP0592,Operations,579600,67000,46000,29200,18200,7700,747700,787200,794700,7500
EMP0593,IT,763200,115100,82800,54000,10500,17900,1043500,1088800,1069600,-19200
EMP0594,Customer Success,578400,68700,35900,37900,9800,13700,744400,736400,760000,23600
EMP0595,IT,672000,103100,46900,29700,11200,22500,885400,896700,894900,-1800
EMP0596,Finance,823200,134000,90300,53500,9700,7200,1117900,1078700,1099400,20700
EMP0597,Finance,768000,132500,74200,56400,23600,7300,1062000,1097700,1046900,-50800
EMP0598,Human Resources,620400,52300,47600,47900,8500,18900,795600,821500,842300,20800
EMP0599,Customer Success,387600,60800,38300,25500,10800,18000,541000,572500,578100,5600
EMP0600,Sales,640800,62200,70200,43600,18100,6100,841000,843300,850200,6900