Month,Opening Headcount,New Hires,Exits,Closing Headcount,Payroll,Recruitment Cost,Training Cost,Total HR Cost,Budget,Variance
2026-10,4000,33,49,3984,280167496,1318079.365,6294720,287780295.4,296413704.2,-8633408.861
2026-11,3984,31,47,3968,279042325.3,1238195.767,6269440,286549961.1,295146459.9,-8596498.833
2026-12,3968,37,49,3956,278198447.3,1477846.561,6250480,285926773.9,294504577.1,-8577803.217
2027-01,3956,30,49,3937,276862307.2,1198253.968,6220460,284281021.1,292809451.8,-8528430.634
2027-02,3937,33,51,3919,275596490.2,1318079.365,6192020,283106589.5,291599787.2,-8493197.686
2027-03,3919,34,48,3905,274611965.8,1358021.164,6169900,282139887,290604083.6,-8464196.61
2027-04,3905,28,47,3886,273275825.7,1118370.37,6139880,280534076,288950098.3,-8416022.281
2027-05,3886,33,46,3873,272361624.5,1318079.365,6119340,279799043.9,288193015.2,-8393971.316
2027-06,3873,32,52,3853,270955161.2,1278137.566,6087740,278321038.7,286670669.9,-8349631.162
2027-07,3853,36,49,3840,270040960,1437904.762,6067200,277546064.8,285872446.7,-8326381.943
2027-08,3840,30,45,3825,268986112.5,1198253.968,6043500,276227866.5,284514702.5,-8286835.994
2027-09,3825,33,51,3807,267720295.5,1318079.365,6015060,275053434.9,283305037.9,-8251603.046